,Iteration,Fitness,Time,State,Population Size,Mutation Rate,max_iters
0,0,5.0,0.0024239999999999817,"[1, 0, 0, 1, 0]",100,0.15,1000
1,1000,5.0,1.2860568999999997,"[1, 0, 0, 1, 0]",100,0.15,1000
