,Iteration,Fitness,Time,State,Population Size,Mutation Rate,max_iters
0,0,5.0,0.0023620000000001973,"[1, 0, 0, 1, 0]",100,0.15,1000
1,1000,5.0,0.5687784000000002,"[1, 0, 0, 1, 0]",100,0.15,1000
