,Iteration,Fitness,Time,State,Population Size,Mutation Rate,max_iters
0,0,1.0,0.0028705999999996124,"[1, 0, 0, 1, 0]",200,0.2,1000
1,1000,8.0,0.9884116999999994,"[1, 1, 0, 0, 0]",200,0.2,1000
