,Iteration,Time,Fitness,Population Size,Mutation Rate,max_iters
0,0,0.005115199999998765,2031.0,150,0.2,100
1,1,0.02467060000000032,2190.0,150,0.2,100
2,2,0.037275399999998626,2192.0,150,0.2,100
3,3,0.0497388999999977,2192.0,150,0.2,100
4,4,0.062081799999997855,2192.0,150,0.2,100
5,5,0.07485149999999763,2192.0,150,0.2,100
6,6,0.08804199999999796,2192.0,150,0.2,100
7,7,0.1011004999999976,2192.0,150,0.2,100
