,Iteration,Fitness,Time,State,Population Size,Mutation Rate,max_iters
0,0,0.0,0.002760800000000785,"[1, 0, 0, 1, 0, 0, 1, 0, 1, 1, 1, 0, 1, 1, 0, 1, 0, 0, 1, 0, 0, 0, 1, 1, 1, 1, 1, 0, 0, 1]",100,0.15,1000
1,1000,140.0,0.683197400000001,"[1, 0, 1, 1, 0, 1, 0, 0, 0, 0, 1, 0, 0, 0, 0, 1, 0, 0, 0, 0, 1, 0, 0, 1, 1, 0, 0, 0, 1, 0]",100,0.15,1000
